"FriendlyName","GUID"
"AI Builder Capacity add-on","System.Object[]"
"App Connect IW","System.Object[]"
"App governance add-on to Microsoft Defender for Cloud Apps","System.Object[]"
"Azure Information Protection Plan 1","System.Object[]"
"Azure Information Protection Premium P1_USGOV_GCCHIGH","System.Object[]"
"Basic Collaboration","System.Object[]"
"Business Apps (free)","System.Object[]"
"Career Coach for faculty","System.Object[]"
"Career Coach for students","System.Object[]"
"Clipchamp Premium","System.Object[]"
"Clipchamp Standard","System.Object[]"
"Common Data Service Database Capacity","System.Object[]"
"Common Data Service Database Capacity for Government","System.Object[]"
"Common Data Service for Apps File Capacity","System.Object[]"
"Common Data Service Log Capacity","System.Object[]"
"Communications Credits","System.Object[]"
"Compliance Manager Premium Assessment Add-On","System.Object[]"
"Compliance Manager Premium Assessment Add-On for GCC","System.Object[]"
"Defender Threat Intelligence","System.Object[]"
"Digital Messaging for GCC Test SKU","System.Object[]"
"Dynamics 365 - Additional Database Storage (Qualified Offer)","System.Object[]"
"Dynamics 365 - Additional Non-Production Instance (Qualified Offer)","System.Object[]"
"Dynamics 365 - Additional Non-Production Instance for Government","System.Object[]"
"Dynamics 365 - Additional Production Instance (Qualified Offer)","System.Object[]"
"Dynamics 365 AI for Market Insights (Preview)","System.Object[]"
"Dynamics 365 Asset Management Addl Assets","System.Object[]"
"Dynamics 365 Business Central Additional Environment Addon","System.Object[]"
"Dynamics 365 Business Central Database Capacity","System.Object[]"
"Dynamics 365 Business Central Essentials","System.Object[]"
"Dynamics 365 Business Central Essentials Attach","System.Object[]"
"Dynamics 365 Business Central External Accountant","System.Object[]"
"Dynamics 365 Business Central for IWs","System.Object[]"
"Dynamics 365 Business Central Premium","System.Object[]"
"Dynamics 365 Business Central Team Members","System.Object[]"
"Dynamics 365 Commerce","System.Object[]"
"Dynamics 365 Commerce Trial","System.Object[]"
"Dynamics 365 Customer Engagement Plan","System.Object[]"
"Dynamics 365 Customer Insights Attach","System.Object[]"
"Dynamics 365 Customer Insights Standalone","System.Object[]"
"Dynamics 365 Customer Insights vTrial","System.Object[]"
"Dynamics 365 Customer Service Digital Messaging and Voice Add-in for Government","System.Object[]"
"Dynamics 365 Customer Service Digital Messaging and Voice Add-in for Government for Test","System.Object[]"
"Dynamics 365 Customer Service Enterprise Admin","System.Object[]"
"Dynamics 365 Customer Service Enterprise Viral Trial","System.Object[]"
"Dynamics 365 Customer Service Insights Trial","System.Object[]"
"Dynamics 365 Customer Service Professional","System.Object[]"
"Dynamics 365 Customer Voice","System.Object[]"
"Dynamics 365 Customer Voice Additional Responses","System.Object[]"
"Dynamics 365 Customer Voice Trial","System.Object[]"
"Dynamics 365 Customer Voice USL","System.Object[]"
"Dynamics 365 Enterprise Edition - Additional Database Storage for Government","System.Object[]"
"Dynamics 365 Enterprise Edition - Additional Non-Production Instance for Government","System.Object[]"
"Dynamics 365 Enterprise Edition - Additional Portal (Qualified Offer)","System.Object[]"
"Dynamics 365 Enterprise Edition - Additional Portal for Government","System.Object[]"
"Dynamics 365 Enterprise Edition - Additional Production Instance for Government","System.Object[]"
"Dynamics 365 Field Service Contractor for Government","System.Object[]"
"Dynamics 365 Field Service Viral Trial","System.Object[]"
"Dynamics 365 Field Service, Enterprise Edition - Resource Scheduling Optimization","System.Object[]"
"Dynamics 365 Finance","System.Object[]"
"Dynamics 365 for Case Management Enterprise Edition","System.Object[]"
"Dynamics 365 for Case Management, Enterprise Edition for Government","System.Object[]"
"Dynamics 365 for Customer Service Chat","System.Object[]"
"Dynamics 365 for Customer Service Chat for Government","System.Object[]"
"Dynamics 365 for Customer Service Digital Messaging add-on for Government","System.Object[]"
"Dynamics 365 for Customer Service Enterprise Attach to Qualifying Dynamics 365 Base Offer A","System.Object[]"
"Dynamics 365 for Customer Service Enterprise Edition","System.Object[]"
"Dynamics 365 for Customer Service Enterprise for Government","System.Object[]"
"Dynamics 365 for Customer Service Professional Attach to Qualifying Dynamics 365 Base Offer","System.Object[]"
"Dynamics 365 for Customer Service, Enterprise Edition for Government","System.Object[]"
"Dynamics 365 for Field Service Attach to Qualifying Dynamics 365 Base Offer","System.Object[]"
"Dynamics 365 for Field Service Enterprise Edition","System.Object[]"
"Dynamics 365 for Field Service Enterprise Edition for Government","System.Object[]"
"Dynamics 365 for Field Service for Government","System.Object[]"
"Dynamics 365 for Financials Business Edition","System.Object[]"
"Dynamics 365 for Marketing Additional Application","System.Object[]"
"Dynamics 365 for Marketing Additional Non-Prod Application","System.Object[]"
"Dynamics 365 for Marketing Addnl Contacts Tier 3","System.Object[]"
"Dynamics 365 for Marketing Addnl Contacts Tier 5","System.Object[]"
"Dynamics 365 for Marketing Attach","System.Object[]"
"Dynamics 365 for Marketing Business Edition","System.Object[]"
"Dynamics 365 for Marketing USL","System.Object[]"
"Dynamics 365 for Project Service Automation Enterprise Edition for Government","System.Object[]"
"Dynamics 365 for Sales and Customer Service Enterprise Edition","System.Object[]"
"Dynamics 365 for Sales Enterprise Edition","System.Object[]"
"Dynamics 365 for Sales Enterprise for Government","System.Object[]"
"Dynamics 365 For Sales Professional","System.Object[]"
"Dynamics 365 for Sales Professional for Government","System.Object[]"
"Dynamics 365 For Sales Professional Trial","System.Object[]"
"Dynamics 365 for Sales, Enterprise Edition for Government","System.Object[]"
"Dynamics 365 for Supply Chain Management","System.Object[]"
"Dynamics 365 for Supply Chain Management Attach to Qualifying Dynamics 365 Base Offer","System.Object[]"
"Dynamics 365 for Talent","System.Object[]"
"Dynamics 365 for Team Members Enterprise Edition","System.Object[]"
"Dynamics 365 for Team Members Enterprise Edition for Government","System.Object[]"
"Dynamics 365 Guides","System.Object[]"
"Dynamics 365 Guides vTrial","System.Object[]"
"Dynamics 365 Hybrid Connector","System.Object[]"
"Dynamics 365 Multi-app","System.Object[]"
"Dynamics 365 Operations - Device","System.Object[]"
"Dynamics 365 Operations - Sandbox Tier 2:Standard Acceptance Testing","System.Object[]"
"Dynamics 365 Operations - Sandbox Tier 4:Standard Performance Testing","System.Object[]"
"Dynamics 365 Operations â Activity","System.Object[]"
"Dynamics 365 P1 Tria for Information Workers","System.Object[]"
"Dynamics 365 Project Operations","System.Object[]"
"Dynamics 365 Project Operations Attach","System.Object[]"
"Dynamics 365 Regulatory Service - Enterprise Edition Trial","System.Object[]"
"Dynamics 365 Remote Assist","System.Object[]"
"Dynamics 365 Remote Assist HoloLens","System.Object[]"
"Dynamics 365 Sales Enterprise Attach to Qualifying Dynamics 365 Base Offer","System.Object[]"
"Dynamics 365 Sales Premium","System.Object[]"
"Dynamics 365 Sales Premium Viral Trial","System.Object[]"
"Dynamics 365 Sales Professional Attach to Qualifying Dynamics 365 Base Offer","System.Object[]"
"Dynamics 365 Sales, Field Service and Customer Service Partner Sandbox","System.Object[]"
"Dynamics 365 Talent: Attract","System.Object[]"
"Dynamics 365 Talent: Onboard","System.Object[]"
"Dynamics 365 Team Members","System.Object[]"
"Dynamics 365 UNF OPS Plan ENT Edition","System.Object[]"
"Enterprise Mobility + Security A3 for Faculty","System.Object[]"
"Enterprise Mobility + Security E3","System.Object[]"
"Enterprise Mobility + Security E5","System.Object[]"
"Enterprise Mobility + Security E5_USGOV_GCCHIGH","System.Object[]"
"Enterprise Mobility + Security G3 GCC","System.Object[]"
"Enterprise Mobility + Security G5 GCC","System.Object[]"
"Exchange Enterprise CAL Services (EOP DLP)","System.Object[]"
"Exchange Online (Plan 1)","System.Object[]"
"Exchange Online (Plan 1) for Alumni with Yammer","System.Object[]"
"Exchange Online (Plan 1) for GCC","System.Object[]"
"Exchange Online (Plan 1) for Students","System.Object[]"
"Exchange Online (Plan 2)","System.Object[]"
"Exchange Online (Plan 2) for Faculty","System.Object[]"
"Exchange Online Archiving for Exchange Online","System.Object[]"
"Exchange Online Archiving for Exchange Server","System.Object[]"
"Exchange Online Essentials","System.Object[]"
"Exchange Online Essentials (ExO P1 Based)","System.Object[]"
"Exchange Online Kiosk","System.Object[]"
"Exchange Online POP","System.Object[]"
"Exchange Online Protection","System.Object[]"
"Intune","System.Object[]"
"Intune for Education","System.Object[]"
"Microsoft 365 A1","System.Object[]"
"Microsoft 365 A3 - Unattended License for students use benefit","System.Object[]"
"Microsoft 365 A3 for Faculty","System.Object[]"
"Microsoft 365 A3 for Students","System.Object[]"
"Microsoft 365 A3 for students use benefit","System.Object[]"
"Microsoft 365 A3 Suite features for faculty","System.Object[]"
"Microsoft 365 A5 for Faculty","System.Object[]"
"Microsoft 365 A5 for Students","System.Object[]"
"Microsoft 365 A5 for students use benefit","System.Object[]"
"Microsoft 365 A5 Suite features for faculty","System.Object[]"
"Microsoft 365 A5 without Audio Conferencing for students use benefit","System.Object[]"
"Microsoft 365 Apps for Business","System.Object[]"
"Microsoft 365 Apps for Enterprise","System.Object[]"
"Microsoft 365 Apps for enterprise (device)","System.Object[]"
"Microsoft 365 Apps for Faculty","System.Object[]"
"Microsoft 365 Apps for Students","System.Object[]"
"Microsoft 365 Audio Conferencing","System.Object[]"
"Microsoft 365 Audio Conferencing - GCCHigh Tenant (AR)_USGOV_GCCHIGH","System.Object[]"
"Microsoft 365 Audio Conferencing for faculty","System.Object[]"
"Microsoft 365 Audio Conferencing for GCC","System.Object[]"
"Microsoft 365 Audio Conferencing Pay-Per-Minute - EA","System.Object[]"
"Microsoft 365 Audio Conferencing_USGOV_GCCHIGH","System.Object[]"
"Microsoft 365 Business Basic","System.Object[]"
"Microsoft 365 Business Basic (no Teams)","System.Object[]"
"Microsoft 365 Business Basic EEA (no Teams)","System.Object[]"
"Microsoft 365 Business Premium","System.Object[]"
"Microsoft 365 Business Premium (no Teams)","System.Object[]"
"Microsoft 365 Business Premium Donation","System.Object[]"
"Microsoft 365 Business Premium EEA (no Teams)","System.Object[]"
"Microsoft 365 Business Standard","System.Object[]"
"Microsoft 365 Business Standard - Prepaid Legacy","System.Object[]"
"Microsoft 365 Business Standard (no Teams)","System.Object[]"
"Microsoft 365 Business Standard EEA (no Teams)","System.Object[]"
"Microsoft 365 Business Voice","System.Object[]"
"Microsoft 365 Business Voice (UK","System.Object[]"
"Microsoft 365 Business Voice (US)","System.Object[]"
"Microsoft 365 Business Voice (without Calling Plan)","System.Object[]"
"Microsoft 365 Business Voice (without Calling Plan) for US","System.Object[]"
"Microsoft 365 Copilot (Education Faculty)","System.Object[]"
"Microsoft 365 Copilot for Sales","System.Object[]"
"Microsoft 365 Domestic Calling Plan (120 minutes) - US","System.Object[]"
"Microsoft 365 E3","System.Object[]"
"Microsoft 365 E3 - Unattended License","System.Object[]"
"Microsoft 365 E3 (500 seats min)_HUB","System.Object[]"
"Microsoft 365 E3 (no Teams)","System.Object[]"
"Microsoft 365 E3 EEA (no Teams)","System.Object[]"
"Microsoft 365 E3 EEA (no Teams) - Unattended License","System.Object[]"
"Microsoft 365 E3 EEA (no Teams) (500 seats min)_HUB","System.Object[]"
"Microsoft 365 E3 Extra Features","System.Object[]"
"Microsoft 365 E3_USGOV_DOD","System.Object[]"
"Microsoft 365 E3_USGOV_GCCHIGH","System.Object[]"
"Microsoft 365 E5","System.Object[]"
"Microsoft 365 E5 (500 seats min)_HUB","System.Object[]"
"Microsoft 365 E5 Compliance","System.Object[]"
"Microsoft 365 E5 Developer (without Windows and Audio Conferencing)","System.Object[]"
"Microsoft 365 E5 EEA (no Teams)","System.Object[]"
"Microsoft 365 E5 EEA (no Teams) (500 seats min)_HUB","System.Object[]"
"Microsoft 365 E5 EEA (no Teams) with Calling Minutes","System.Object[]"
"Microsoft 365 E5 EEA (no Teams) without Audio Conferencing","System.Object[]"
"Microsoft 365 E5 EEA (no Teams) without Audio Conferencing (500 seats min)_HUB","System.Object[]"
"Microsoft 365 E5 Security","System.Object[]"
"Microsoft 365 E5 Security for EMS E5","System.Object[]"
"Microsoft 365 E5 Suite features","System.Object[]"
"Microsoft 365 E5 with Calling Minutes","System.Object[]"
"Microsoft 365 E5 without Audio Conferencing","System.Object[]"
"Microsoft 365 E5 without Audio Conferencing (500 seats min)_HUB","System.Object[]"
"Microsoft 365 E5_USGOV_GCCHIGH","System.Object[]"
"Microsoft 365 F1","System.Object[]"
"Microsoft 365 F1 EEA (no Teams)","System.Object[]"
"Microsoft 365 F3","System.Object[]"
"Microsoft 365 F3 EEA (no Teams)","System.Object[]"
"Microsoft 365 F3 GCC","System.Object[]"
"Microsoft 365 F5 Compliance Add-on","System.Object[]"
"Microsoft 365 F5 Compliance Add-on AR (DOD)_USGOV_DOD","System.Object[]"
"Microsoft 365 F5 Compliance Add-on AR_USGOV_GCCHIGH","System.Object[]"
"Microsoft 365 F5 Compliance Add-on GCC","System.Object[]"
"Microsoft 365 F5 Security + Compliance Add-on","System.Object[]"
"Microsoft 365 F5 Security Add-on","System.Object[]"
"Microsoft 365 G3 - Unattended License for GCC","System.Object[]"
"Microsoft 365 G3 GCC","System.Object[]"
"Microsoft 365 GCC G5","System.Object[]"
"Microsoft 365 GCC G5 w/o WDATP/CAS Unified","System.Object[]"
"Microsoft 365 Lighthouse","System.Object[]"
"Microsoft 365 Security and Compliance for Firstline Workers","System.Object[]"
"Microsoft Azure Multi-Factor Authentication","System.Object[]"
"Microsoft Business Center","System.Object[]"
"Microsoft Cloud App Security","System.Object[]"
"Microsoft Cloud for Sustainability vTrial","System.Object[]"
"Microsoft Copilot for Microsoft 365","System.Object[]"
"Microsoft Copilot Studio","System.Object[]"
"Microsoft Copilot Studio for GCC","System.Object[]"
"Microsoft Copilot Studio User License","System.Object[]"
"Microsoft Copilot Studio User License for GCC","System.Object[]"
"Microsoft Copilot Studio User License for GCC High_USGOV_GCCHIGH","System.Object[]"
"Microsoft Copilot Studio Viral Trial","System.Object[]"
"Microsoft Copilot Studio_USGOV_GCCHIGH","System.Object[]"
"Microsoft Defender for Business","System.Object[]"
"Microsoft Defender for Endpoint","System.Object[]"
"Microsoft Defender for Endpoint F2","System.Object[]"
"Microsoft Defender for Endpoint P1","System.Object[]"
"Microsoft Defender for Endpoint P1 for EDU","System.Object[]"
"Microsoft Defender for Endpoint P2_XPLAT","System.Object[]"
"Microsoft Defender for Endpoint Server","System.Object[]"
"Microsoft Defender for Identity","System.Object[]"
"Microsoft Defender for Office 365 (Plan 1)","System.Object[]"
"Microsoft Defender for Office 365 (Plan 1) Faculty","System.Object[]"
"Microsoft Defender for Office 365 (Plan 1) GCC","System.Object[]"
"Microsoft Defender for Office 365 (Plan 1) Student","System.Object[]"
"Microsoft Defender for Office 365 (Plan 1) Student use benefit","System.Object[]"
"Microsoft Defender for Office 365 (Plan 1)_USGOV_GCCHIGH","System.Object[]"
"Microsoft Defender for Office 365 (Plan 2)","System.Object[]"
"Microsoft Defender for Office 365 (Plan 2) GCC","System.Object[]"
"Microsoft Defender Vulnerability Management","System.Object[]"
"Microsoft Defender Vulnerability Management Add-on","System.Object[]"
"Microsoft Dynamics AX7 User Trial","System.Object[]"
"Microsoft Dynamics CRM Online","System.Object[]"
"Microsoft Dynamics CRM Online Basic","System.Object[]"
"Microsoft Dynamics CRM Online Basic for Government","System.Object[]"
"Microsoft Dynamics CRM Online for Government","System.Object[]"
"Microsoft Entra ID Basic","System.Object[]"
"Microsoft Entra ID Governance","System.Object[]"
"Microsoft Entra ID P1","System.Object[]"
"Microsoft Entra ID P1 for Faculty","System.Object[]"
"Microsoft Entra ID P1_USGOV_GCCHIGH","System.Object[]"
"Microsoft Entra ID P2","System.Object[]"
"Microsoft Fabric (Free)","System.Object[]"
"Microsoft Fabric (Free) for faculty","System.Object[]"
"Microsoft Fabric (Free) for student","System.Object[]"
"Microsoft Imagine Academy","System.Object[]"
"Microsoft Intune Device","System.Object[]"
"Microsoft Intune Device for Government","System.Object[]"
"Microsoft Intune Government","System.Object[]"
"Microsoft Intune Plan 1 A VL_USGOV_GCCHIGH","System.Object[]"
"Microsoft Intune SMB","System.Object[]"
"Microsoft Intune Suite","System.Object[]"
"Microsoft Power Apps for Developer","System.Object[]"
"Microsoft Power Apps Plan 2 (Qualified Offer)","System.Object[]"
"Microsoft Power Apps Plan 2 Trial","System.Object[]"
"Microsoft Power Automate Free","System.Object[]"
"Microsoft Power Automate Plan 2","System.Object[]"
"Microsoft Relationship Sales solution","System.Object[]"
"Microsoft Sales Copilot","System.Object[]"
"Microsoft Stream","System.Object[]"
"Microsoft Stream Plan 2","System.Object[]"
"Microsoft Stream Storage Add-On (500 GB)","System.Object[]"
"Microsoft Sustainability Manager Premium","System.Object[]"
"Microsoft Sustainability Manager USL Essentials","System.Object[]"
"Microsoft Teams (Free)","System.Object[]"
"Microsoft Teams Audio Conferencing with dial-out to USA/CAN","System.Object[]"
"Microsoft Teams Calling Plan pay-as-you-go (country zone 1 - US)","System.Object[]"
"Microsoft Teams Commercial Cloud","System.Object[]"
"Microsoft Teams Domestic Calling Plan (240 min)","System.Object[]"
"Microsoft Teams EEA","System.Object[]"
"Microsoft Teams Essentials","System.Object[]"
"Microsoft Teams Essentials (AAD Identity)","System.Object[]"
"Microsoft Teams Exploratory","System.Object[]"
"Microsoft Teams Exploratory Dept","System.Object[]"
"Microsoft Teams Phone Resource Account","System.Object[]"
"Microsoft Teams Phone Resource Account for Faculty","System.Object[]"
"Microsoft Teams Phone Resource Account for GCC","System.Object[]"
"Microsoft Teams Phone Resource Account_USGOV_GCCHIGH","System.Object[]"
"Microsoft Teams Phone Standard","System.Object[]"
"Microsoft Teams Phone Standard for DOD","System.Object[]"
"Microsoft Teams Phone Standard for Faculty","System.Object[]"
"Microsoft Teams Phone Standard for GCC","System.Object[]"
"Microsoft Teams Phone Standard for GCCHIGH","System.Object[]"
"Microsoft Teams Phone Standard for Small and Medium Business","System.Object[]"
"Microsoft Teams Phone Standard for Students","System.Object[]"
"Microsoft Teams Phone Standard for TELSTRA","System.Object[]"
"Microsoft Teams Phone Standard_USGOV_DOD","System.Object[]"
"Microsoft Teams Phone Standard_USGOV_GCCHIGH","System.Object[]"
"Microsoft Teams Premium Introductory Pricing","System.Object[]"
"Microsoft Teams Rooms Basic","System.Object[]"
"Microsoft Teams Rooms Basic for EDU","System.Object[]"
"Microsoft Teams Rooms Basic without Audio Conferencing","System.Object[]"
"Microsoft Teams Rooms Pro","System.Object[]"
"Microsoft Teams Rooms Pro for EDU","System.Object[]"
"Microsoft Teams Rooms Pro for GCC","System.Object[]"
"Microsoft Teams Rooms Pro without Audio Conferencing","System.Object[]"
"Microsoft Teams Rooms Standard","System.Object[]"
"Microsoft Teams Rooms Standard for GCC","System.Object[]"
"Microsoft Teams Rooms Standard for GCC without Audio Conferencing","System.Object[]"
"Microsoft Teams Rooms Standard without Audio Conferencing","System.Object[]"
"Microsoft Teams Shared Devices","System.Object[]"
"Microsoft Teams Shared Devices for Faculty","System.Object[]"
"Microsoft Teams Shared Devices for GCC","System.Object[]"
"Microsoft Teams Trial","System.Object[]"
"Microsoft Threat Experts - Experts on Demand","System.Object[]"
"Microsoft Viva Glint","System.Object[]"
"Microsoft Viva Goals","System.Object[]"
"Microsoft Viva Suite","System.Object[]"
"Microsoft Workplace Analytics","System.Object[]"
"Minecraft Education Faculty","System.Object[]"
"Minecraft Education Student","System.Object[]"
"Nonprofit Portal","System.Object[]"
"Office 365 A1 for faculty","System.Object[]"
"Office 365 A1 for students","System.Object[]"
"Office 365 A1 Plus for faculty","System.Object[]"
"Office 365 A1 Plus for students","System.Object[]"
"Office 365 A3 for faculty","System.Object[]"
"Office 365 A3 for students","System.Object[]"
"Office 365 A5 for faculty","System.Object[]"
"Office 365 A5 for students","System.Object[]"
"Office 365 Advanced Compliance","System.Object[]"
"Office 365 Advanced Compliance for GCC","System.Object[]"
"Office 365 Cloud App Security","System.Object[]"
"Office 365 E1","System.Object[]"
"Office 365 E1 EEA (no Teams)","System.Object[]"
"Office 365 E1_USGOV_GCCHIGH","System.Object[]"
"Office 365 E2","System.Object[]"
"Office 365 E3","System.Object[]"
"Office 365 E3 (no Teams)","System.Object[]"
"Office 365 E3 Developer","System.Object[]"
"Office 365 E3 EEA (no Teams)","System.Object[]"
"Office 365 E3_USGOV_DOD","System.Object[]"
"Office 365 E3_USGOV_GCCHIGH","System.Object[]"
"Office 365 E4","System.Object[]"
"Office 365 E5","System.Object[]"
"Office 365 E5 EEA (no Teams)","System.Object[]"
"Office 365 E5 EEA (no Teams) without Audio Conferencing","System.Object[]"
"Office 365 E5 Without Audio Conferencing","System.Object[]"
"Office 365 Extra File Storage","System.Object[]"
"Office 365 Extra File Storage for GCC","System.Object[]"
"Office 365 F3","System.Object[]"
"Office 365 F3 EEA (no Teams)","System.Object[]"
"Office 365 F3_USGOV_GCCHIGH","System.Object[]"
"Office 365 G1 GCC","System.Object[]"
"Office 365 G3 GCC","System.Object[]"
"Office 365 G3 without Microsoft 365 Apps GCC","System.Object[]"
"Office 365 G5 GCC","System.Object[]"
"Office 365 GCC G5 without Audio Conferencing","System.Object[]"
"Office 365 GCC G5 without Power BI and Phone System","System.Object[]"
"Office 365 Midsize Business","System.Object[]"
"Office 365 Multi-Geo Capabilities","System.Object[]"
"Office 365 Small Business","System.Object[]"
"Office 365 Small Business Premium","System.Object[]"
"Office Mobile Apps for Office 365 for GCC","System.Object[]"
"OneDrive for Business (Plan 1)","System.Object[]"
"OneDrive for Business (Plan 2)","System.Object[]"
"Planner and Project Plan 3","System.Object[]"
"Planner Plan 1","System.Object[]"
"Power Apps and Logic Flows","System.Object[]"
"Power Apps Per App BD Only for GCC","System.Object[]"
"Power Apps per app plan","System.Object[]"
"Power Apps per app plan (1 app or portal)","System.Object[]"
"Power Apps per app plan (1 app or website) BD Only - GCC","System.Object[]"
"Power Apps per app plan (1 app or website) for Government","System.Object[]"
"Power Apps per app plan for Government","System.Object[]"
"Power Apps Per User BD Only","System.Object[]"
"Power Apps Portals login capacity add-on Tier 2 (10 unit min)","System.Object[]"
"Power Apps Portals login capacity add-on Tier 2 (10 unit min) for Government","System.Object[]"
"Power Apps Portals login capacity add-on Tier 3 (50 unit min)","System.Object[]"
"Power Apps Portals page view capacity add-on","System.Object[]"
"Power Apps Portals page view capacity add-on for Government","System.Object[]"
"Power Apps Premium","System.Object[]"
"Power Apps Premium for Government","System.Object[]"
"Power Automate per flow plan","System.Object[]"
"Power Automate per flow plan for Government","System.Object[]"
"Power Automate per user plan","System.Object[]"
"Power Automate per user plan dept","System.Object[]"
"Power Automate per user plan for Government","System.Object[]"
"Power Automate Premium","System.Object[]"
"Power Automate Premium for Government","System.Object[]"
"Power Automate Process","System.Object[]"
"Power Automate unattended RPA add-on","System.Object[]"
"Power Automate unattended RPA add-on for Government","System.Object[]"
"Power BI","System.Object[]"
"Power BI for Office 365 Add-On","System.Object[]"
"Power BI Premium EM1","System.Object[]"
"Power BI Premium EM2","System.Object[]"
"Power BI Premium P1","System.Object[]"
"Power BI Premium P1 GCC","System.Object[]"
"Power BI Premium Per User","System.Object[]"
"Power BI Premium Per User Add-On","System.Object[]"
"Power BI Premium Per User Add-On for GCC","System.Object[]"
"Power BI Premium Per User Dept","System.Object[]"
"Power BI Premium Per User for Faculty","System.Object[]"
"Power BI Premium Per User for Government","System.Object[]"
"Power BI Pro","System.Object[]"
"Power BI Pro CE","System.Object[]"
"Power BI Pro Dept","System.Object[]"
"Power BI Pro for Faculty","System.Object[]"
"Power BI Pro for GCC","System.Object[]"
"Power Pages authenticated users T1 100 users/per site/month capacity pack","System.Object[]"
"Power Pages authenticated users T1 100 users/per site/month capacity pack_GCC","System.Object[]"
"Power Pages authenticated users T1 100 users/per site/month capacity pack_USGOV_DOD","System.Object[]"
"Power Pages authenticated users T1 100 users/per site/month capacity pack_USGOV_GCCHIGH","System.Object[]"
"Power Pages authenticated users T2 min 100 units - 100 users/per site/month capacity pack","System.Object[]"
"Power Pages authenticated users T2 min 100 units - 100 users/per site/month capacity pack CN_CN","System.Object[]"
"Power Pages authenticated users T2 min 100 units - 100 users/per site/month capacity pack_GCC","System.Object[]"
"Power Pages authenticated users T2 min 100 units - 100 users/per site/month capacity pack_USGOV_DOD","System.Object[]"
"Power Pages authenticated users T2 min 100 units - 100 users/per site/month capacity pack_USGOV_GCCHIGH","System.Object[]"
"Power Pages authenticated users T3 min 1,000 units - 100 users/per site/month capacity pack","System.Object[]"
"Power Pages authenticated users T3 min 1,000 units - 100 users/per site/month capacity pack CN_CN","System.Object[]"
"Power Pages authenticated users T3 min 1,000 units - 100 users/per site/month capacity pack_GCC","System.Object[]"
"Power Pages authenticated users T3 min 1,000 units - 100 users/per site/month capacity pack_USGOV_DOD","System.Object[]"
"Power Pages authenticated users T3 min 1,000 units - 100 users/per site/month capacity pack_USGOV_GCCHIGH","System.Object[]"
"Power Pages vTrial for Makers","System.Object[]"
"Power Virtual Agent","System.Object[]"
"Power Virtual Agent for GCC","System.Object[]"
"Power Virtual Agent User License","System.Object[]"
"Power Virtual Agent User License for GCC","System.Object[]"
"Power Virtual Agents Viral Trial","System.Object[]"
"PowerApps & Flow GCC Test - O365 & Dyn365 Plans","System.Object[]"
"PowerApps per app baseline access","System.Object[]"
"PowerApps Plan 1 for Government","System.Object[]"
"Privacy Management - risk for EDU","System.Object[]"
"Privacy Management - risk GCC","System.Object[]"
"Privacy Management - risk_USGOV_DOD","System.Object[]"
"Privacy Management - risk_USGOV_GCCHIGH","System.Object[]"
"Privacy Management - subject rights request (1)","System.Object[]"
"Privacy Management - subject rights request (1) for EDU","System.Object[]"
"Privacy Management - subject rights request (1) GCC","System.Object[]"
"Privacy Management - subject rights request (1) USGOV_DOD","System.Object[]"
"Privacy Management - subject rights request (1) USGOV_GCCHIGH","System.Object[]"
"Privacy Management - subject rights request (10)","System.Object[]"
"Privacy Management - subject rights request (10) for EDU","System.Object[]"
"Privacy Management - subject rights request (10) GCC","System.Object[]"
"Privacy Management - subject rights request (10) USGOV_DOD","System.Object[]"
"Privacy Management - subject rights request (10) USGOV_GCCHIGH","System.Object[]"
"Privacy Management - subject rights request (100)","System.Object[]"
"Privacy Management - subject rights request (100) for EDU","System.Object[]"
"Privacy Management - subject rights request (100) GCC","System.Object[]"
"Privacy Management - subject rights request (100) USGOV_DOD","System.Object[]"
"Privacy Management - subject rights request (100) USGOV_GCCHIGH","System.Object[]"
"Privacy Management - subject rights request (50)","System.Object[]"
"Privacy Management - subject rights request (50) for EDU","System.Object[]"
"Privacy Management â risk","System.Object[]"
"Project for Office 365","System.Object[]"
"Project Online Essentials","System.Object[]"
"Project Online Essentials for Faculty","System.Object[]"
"Project Online Essentials for GCC","System.Object[]"
"Project Online Premium","System.Object[]"
"Project Online Premium Without Project Client","System.Object[]"
"Project Online With Project for Office 365","System.Object[]"
"Project Plan 1 (for Department)","System.Object[]"
"Project Plan 3 (for Department)","System.Object[]"
"Project Plan 3 for Faculty","System.Object[]"
"Project Plan 3 for GCC","System.Object[]"
"Project Plan 3 for GCC TEST","System.Object[]"
"Project Plan 3_USGOV_GCCHIGH","System.Object[]"
"Project Plan 5 for faculty","System.Object[]"
"Project Plan 5 for GCC","System.Object[]"
"Project Plan 5 without Project Client for Faculty","System.Object[]"
"Rights Management Adhoc","System.Object[]"
"Rights Management Service Basic Content Protection","System.Object[]"
"Sensor Data Intelligence Additional Machines Add-in for Dynamics 365 Supply Chain Management","System.Object[]"
"Sensor Data Intelligence Scenario Add-in for Dynamics 365 Supply Chain Management","System.Object[]"
"SharePoint Online (Plan 1)","System.Object[]"
"SharePoint Online (Plan 2)","System.Object[]"
"SharePoint Syntex","System.Object[]"
"Skype for Business Online (Plan 1)","System.Object[]"
"Skype for Business Online (Plan 2)","System.Object[]"
"Skype for Business PSTN Calling Domestic Small","System.Object[]"
"Skype for Business PSTN Domestic and International Calling","System.Object[]"
"Skype for Business PSTN Domestic Calling","System.Object[]"
"Skype for Business PSTN Domestic Calling (120 Minutes)","System.Object[]"
"Skype for Business PSTN Usage Calling Plan","System.Object[]"
"Teams Phone Mobile","System.Object[]"
"Teams Phone with Calling Plan","System.Object[]"
"Teams Premium (for Departments)","System.Object[]"
"Teams Rooms Premium","System.Object[]"
"TELSTRA Calling for O365","System.Object[]"
"Universal Print","System.Object[]"
"Visio Plan 1","System.Object[]"
"Visio Plan 2","System.Object[]"
"Visio Plan 2 for Faculty","System.Object[]"
"Visio Plan 2 for GCC","System.Object[]"
"Visio Plan 2_USGOV_GCCHIGH","System.Object[]"
"Viva Goals User-led","System.Object[]"
"Viva Learning","System.Object[]"
"Viva Topics","System.Object[]"
"Windows 10/11 Enterprise A3 for faculty","System.Object[]"
"Windows 10/11 Enterprise A3 for students","System.Object[]"
"Windows 10/11 Enterprise A5 for faculty","System.Object[]"
"Windows 10/11 Enterprise E3","System.Object[]"
"Windows 10/11 Enterprise E3 VDA","System.Object[]"
"Windows 10/11 Enterprise E5","System.Object[]"
"Windows 10/11 Enterprise E5 (Original)","System.Object[]"
"Windows 10/11 Enterprise E5 Commercial (GCC Compatible)","System.Object[]"
"Windows 365 Business 1 vCPU 2 GB 64 GB","System.Object[]"
"Windows 365 Business 16 vCPU, 64 GB, 1 TB","System.Object[]"
"Windows 365 Business 16 vCPU, 64 GB, 512 GB","System.Object[]"
"Windows 365 Business 2 vCPU 4 GB 128 GB","System.Object[]"
"Windows 365 Business 2 vCPU 4 GB 256 GB","System.Object[]"
"Windows 365 Business 2 vCPU 4 GB 64 GB","System.Object[]"
"Windows 365 Business 2 vCPU 8 GB 128 GB","System.Object[]"
"Windows 365 Business 2 vCPU 8 GB 256 GB","System.Object[]"
"Windows 365 Business 4 vCPU 16 GB 128 GB","System.Object[]"
"Windows 365 Business 4 vCPU 16 GB 128 GB (with Windows Hybrid Benefit)","System.Object[]"
"Windows 365 Business 4 vCPU 16 GB 256 GB","System.Object[]"
"Windows 365 Business 4 vCPU 16 GB 512 GB","System.Object[]"
"Windows 365 Business 8 vCPU 32 GB 128 GB","System.Object[]"
"Windows 365 Business 8 vCPU 32 GB 256 GB","System.Object[]"
"Windows 365 Business 8 vCPU 32 GB 512 GB","System.Object[]"
"Windows 365 Enterprise 1 vCPU 2 GB 64 GB","System.Object[]"
"Windows 365 Enterprise 2 vCPU 4 GB 128 GB","System.Object[]"
"Windows 365 Enterprise 2 vCPU 4 GB 128 GB (Preview)","System.Object[]"
"Windows 365 Enterprise 2 vCPU 4 GB 256 GB","System.Object[]"
"Windows 365 Enterprise 2 vCPU 4 GB 64 GB","System.Object[]"
"Windows 365 Enterprise 2 vCPU 8 GB 128 GB","System.Object[]"
"Windows 365 Enterprise 2 vCPU 8 GB 128 GB (Preview)","System.Object[]"
"Windows 365 Enterprise 2 vCPU 8 GB 256 GB","System.Object[]"
"Windows 365 Enterprise 4 vCPU 16 GB 128 GB","System.Object[]"
"Windows 365 Enterprise 4 vCPU 16 GB 256 GB","System.Object[]"
"Windows 365 Enterprise 4 vCPU 16 GB 256 GB (Preview)","System.Object[]"
"Windows 365 Enterprise 4 vCPU 16 GB 512 GB","System.Object[]"
"Windows 365 Enterprise 8 vCPU 32 GB 128 GB","System.Object[]"
"Windows 365 Enterprise 8 vCPU 32 GB 256 GB","System.Object[]"
"Windows 365 Enterprise 8 vCPU 32 GB 512 GB","System.Object[]"
"Windows 365 Shared Use 2 vCPU 4 GB 128 GB","System.Object[]"
"Windows 365 Shared Use 2 vCPU 4 GB 256 GB","System.Object[]"
"Windows 365 Shared Use 2 vCPU 4 GB 64 GB","System.Object[]"
"Windows 365 Shared Use 2 vCPU 8 GB 128 GB","System.Object[]"
"Windows 365 Shared Use 2 vCPU 8 GB 256 GB","System.Object[]"
"Windows 365 Shared Use 4 vCPU 16 GB 128 GB","System.Object[]"
"Windows 365 Shared Use 4 vCPU 16 GB 256 GB","System.Object[]"
"Windows 365 Shared Use 4 vCPU 16 GB 512 GB","System.Object[]"
"Windows 365 Shared Use 8 vCPU 32 GB 128 GB","System.Object[]"
"Windows 365 Shared Use 8 vCPU 32 GB 256 GB","System.Object[]"
"Windows 365 Shared Use 8 vCPU 32 GB 512 GB","System.Object[]"
"Windows Store for Business","System.Object[]"
"Windows Store for Business EDU Faculty","System.Object[]"
"Workload Identities Premium","System.Object[]"
